sentence,sentiment,processed_text,positive_score,negative_score,original_pos,original_neg,pos_low,pos_medium,pos_high,neg_low,neg_medium,neg_high,fuzzy_sentiment
i loooooooovvvvvveee my kindle not that the dx is cool but the is fantastic in its own right,1,love kindle dx cool fantastic right,0.627,0.248,0.627,0.248,0.0,0.6082130965593785,0.3917869034406215,0.504,0.496,0.0,5.605222028171079
reading my kindle love it lee childs is good read,1,reading kindle love lee child good read,0.587,0.0,0.587,0.0,0.0,0.6970033296337403,0.3029966703662596,0.0,0.0,0.0,8.290348672812152
ok first assesment of the kindle it fucking rocks,1,ok first assesment kindle fucking rock,0.306,0.0,0.306,0.0,0.3207547169811321,0.6792452830188679,0.0,0.0,0.0,0.0,5.917087876731949
you ll love your kindle i ve had mine for a few months and never looked back the new big one is huge no need for remorse,1,love kindle mine month never looked back new big one huge need remorse,0.349,0.113,0.349,0.113,0.2253052164261932,0.7746947835738068,0.0,0.774,0.226,0.0,6.044264762797954
fair enough but i have the kindle and i think it s perfect,1,fair enough kindle think perfect,0.667,0.0,0.667,0.0,0.0,0.5194228634850167,0.4805771365149834,0.0,0.0,0.0,8.193954418790703
no it is too big i m quite happy with the kindle,1,big quite happy kindle,0.571,0.0,0.571,0.0,0.0,0.7325194228634851,0.26748057713651485,0.0,0.0,0.0,8.303902050424993
fuck this economy i hate aig and their non loan given asses,0,fuck economy hate aig non loan given ass,0.0,0.682,0.0,0.682,0.0,0.0,0.0,0.0,0.6359999999999999,0.3640000000000001,1.8285667129900054
jquery is my new best friend,1,jquery new best friend,0.787,0.0,0.787,0.0,0.0,0.25305216426193117,0.7469478357380689,0.0,0.0,0.0,8.121225725642503
loves twitter,1,love twitter,0.808,0.0,0.808,0.0,0.0,0.20643729189789117,0.7935627081021088,0.0,0.0,0.0,8.15575737000675
how can you not love obama he makes jokes about himself,1,love obama make joke,0.762,0.0,0.762,0.0,0.0,0.30854605993340734,0.6914539400665927,0.0,0.0,0.0,8.077484721210833
i firmly believe that obama pelosi have zero desire to be civil it s a charade and a slogan but they want to destroy conservatism,0,firmly believe obama pelosi zero desire civil charade slogan want destroy conservatism,0.242,0.212,0.242,0.212,0.462819089900111,0.537180910099889,0.0,0.5760000000000001,0.424,0.0,5.108184452750695
house correspondents dinner was last night whoopi barbara amp sherri went obama got a standing ovation,1,house correspondent dinner last night whoopi barbara amp sherri went obama got standing ovation,0.0,0.0,0.0,0.0,0.0,0.0,0.0,0.0,0.0,0.0,4.999999999999996
watchin espn jus seen this new nike commerical with a puppet lebron sh t was hilarious lmao,1,watchin espn jus seen new nike commerical puppet lebron sh hilarious lmao,0.398,0.0,0.398,0.0,0.11653718091009986,0.8834628190899001,0.0,0.0,0.0,0.0,6.703388006392808
dear nike stop with the flywire that shit is a waste of science and ugly love,0,dear nike stop flywire shit waste science ugly love,0.313,0.548,0.313,0.548,0.3052164261931188,0.6947835738068813,0.0,0.0,0.9039999999999999,0.09600000000000009,4.670886277131308
lebron best athlete of our generation if not all time basketball related i don t want to get into inter sport debates about __,1,lebron best athlete generation time basketball related want get inter sport debate,0.355,0.0,0.355,0.0,0.2119866814650389,0.7880133185349611,0.0,0.0,0.0,0.0,6.286170076814701
i was talking to this guy last night and he was telling me that he is a die hard spurs fan he also told me that he hates lebron james,0,talking guy last night telling die hard spur fan also told hate lebron james,0.108,0.423,0.108,0.423,0.7602663706992231,0.2397336293007769,0.0,0.15400000000000003,0.846,0.0,3.468741907580675
i love lebron,1,love lebron,0.808,0.0,0.808,0.0,0.0,0.20643729189789117,0.7935627081021088,0.0,0.0,0.0,8.15575737000675
lebron is a beast but i m still cheering the a til the end,0,lebron beast still cheering til end,0.398,0.0,0.398,0.0,0.11653718091009986,0.8834628190899001,0.0,0.0,0.0,0.0,6.703388006392808
lebron is the boss,1,lebron bos,0.0,0.0,0.0,0.0,0.0,0.0,0.0,0.0,0.0,0.0,4.999999999999996
lebron is a hometown hero to me lol i love the lakers but let s go cavs lol,1,lebron hometown hero lol love lakers let go cavs lol,0.691,0.0,0.691,0.0,0.0,0.4661487236403997,0.5338512763596003,0.0,0.0,0.0,8.157347960050185
lebron and zydrunas are such an awesome duo,1,lebron zydrunas awesome duo,0.577,0.0,0.577,0.0,0.0,0.7192008879023308,0.2807991120976691,0.0,0.0,0.0,8.299078069817648
lebron is a beast nobody in the nba comes even close,1,lebron beast nobody nba come even close,0.0,0.0,0.0,0.0,0.0,0.0,0.0,0.0,0.0,0.0,4.999999999999996
downloading apps for my iphone so much fun there literally is an app for just about anything,1,downloading apps iphone much fun literally app anything,0.32,0.0,0.32,0.0,0.28967813540510545,0.7103218645948945,0.0,0.0,0.0,0.0,6.013011833971025
good news just had a call from the visa office saying everything is fine what a relief i am sick of scams out there stealing,1,good news call visa office saying everything fine relief sick scam stealing,0.318,0.437,0.318,0.437,0.29411764705882354,0.7058823529411765,0.0,0.126,0.874,0.0,4.731305581680073
awesome come back from via,1,awesome come back via,0.577,0.0,0.577,0.0,0.0,0.7192008879023308,0.2807991120976691,0.0,0.0,0.0,8.299078069817648
in montreal for a long weekend of r amp r much needed,1,montreal long weekend amp much needed,0.0,0.0,0.0,0.0,0.0,0.0,0.0,0.0,0.0,0.0,4.999999999999996
booz allen hamilton has a bad ass homegrown social collaboration platform way cool ttiv,1,booz allen hamilton bad as homegrown social collaboration platform way cool ttiv,0.146,0.222,0.146,0.222,0.6759156492785793,0.3240843507214206,0.0,0.556,0.444,0.0,4.759034146556586
mluc customer innovation award winner booz allen hamilton,1,mluc customer innovation award winner booz allen hamilton,0.664,0.0,0.664,0.0,0.0,0.5260821309655938,0.47391786903440625,0.0,0.0,0.0,8.198309661955934
i current use the nikon d and love it but not as much as the canon d d i chose the d for the video feature my mistake,1,current use nikon love much canon chose video feature mistake,0.288,0.164,0.288,0.164,0.36071032186459495,0.639289678135405,0.0,0.6719999999999999,0.328,0.0,5.4849999873108395
google is always a good place to look should ve mentioned i worked on the mustang w my dad,1,google always good place look mentioned worked mustang dad,0.266,0.0,0.266,0.0,0.4095449500554939,0.5904550499445061,0.0,0.0,0.0,0.0,5.678037057657404
played with an android google phone the slide out screen scares me i would break that fucker so fast still prefer my iphone,0,played android google phone slide screen scare would break fucker fast still prefer iphone,0.115,0.359,0.115,0.359,0.7447280799112098,0.25527192008879024,0.0,0.28200000000000003,0.718,0.0,3.883496170572284
us planning to resume the military tribunals at guantanamo bay only this time those on trial will be aig execs and chrysler debt holders,0,u planning resume military tribunal guantanamo bay time trial aig exec chrysler debt holder,0.0,0.172,0.0,0.172,0.0,0.0,0.0,0.656,0.344,0.0,4.721610371856853
omg so bored amp my tattoooos are so itchy help aha,0,omg bored amp tattos itchy help aha,0.248,0.385,0.248,0.385,0.44950055493895674,0.5504994450610433,0.0,0.22999999999999998,0.77,0.0,4.548339597650001
i m itchy and miserable,0,itchy miserable,0.0,1.0,0.0,1.0,0.0,0.0,0.0,0.0,0.0,0.0,1.6666700066733335
no i m not itchy for now maybe later lol,0,itchy maybe later lol,0.406,0.304,0.406,0.304,0.09877913429522749,0.9012208657047726,0.0,0.392,0.608,0.0,5.266932164275824
rt i love the nerdy stanford human biology videos makes me miss school,1,rt love nerdy stanford human biology video make miss school,0.3,0.2,0.3,0.2,0.3340732519422864,0.6659267480577136,0.0,0.6,0.4,0.0,5.414815556673443
has been a bit crazy with steep learning curve but lyx is really good for long docs for anything shorter it would be insane,1,bit crazy steep learning curve lyx really good long doc anything shorter would insane,0.166,0.264,0.166,0.264,0.6315205327413984,0.3684794672586016,0.0,0.472,0.528,0.0,4.640468593883369
i m listening to p y t by danny gokey lt lt lt aww he s so amazing i lt him so much,1,listening danny gokey lt lt lt aww amazing lt much,0.297,0.0,0.297,0.0,0.34073251942286353,0.6592674805771365,0.0,0.0,0.0,0.0,5.85897539109046
is going to sleep then on a bike ride,1,going sleep bike ride,0.0,0.0,0.0,0.0,0.0,0.0,0.0,0.0,0.0,0.0,4.999999999999996
cant sleep my tooth is aching,0,cant sleep tooth aching,0.467,0.0,0.467,0.0,0.0,0.9633740288568258,0.036625971143174285,0.0,0.0,0.0,7.663792974796839
blah blah blah same old same old no plans today going back to sleep i guess,0,blah blah blah old old plan today going back sleep guess,0.0,0.344,0.0,0.344,0.0,0.0,0.0,0.31200000000000006,0.688,0.0,3.805262911459969
glad i didnt do bay to breakers today it s freaking degrees in san francisco wtf,0,glad didnt bay breaker today freaking degree san francisco wtf,0.181,0.398,0.181,0.398,0.5982241953385128,0.4017758046614872,0.0,0.20399999999999996,0.796,0.0,4.1383279323365585
obama administration must stop bonuses to aig ponzi schemers,0,obama administration must stop bonus aig ponzi schemer,0.299,0.188,0.299,0.188,0.33629300776914545,0.6637069922308546,0.0,0.624,0.376,0.0,5.455956679120214
started to think that citi is in really deep s amp t are they gonna survive the turmoil or are they gonna be the next aig,0,started think citi really deep amp gon na survive turmoil gon na next aig,0.0,0.161,0.0,0.161,0.0,0.0,0.0,0.6779999999999999,0.322,0.0,4.755959472063149
shaunwoo hate n on aig,0,shaunwoo hate aig,0.0,0.649,0.0,0.649,0.0,0.0,0.0,0.0,0.702,0.29800000000000004,1.7806969145511649
you will not regret going to see star trek it was awesome,1,regret going see star trek awesome,0.376,0.257,0.376,0.257,0.1653718091009989,0.8346281908990011,0.0,0.486,0.514,0.0,5.38764016635452
annoying new trend on the internets people picking apart michael lewis and malcolm gladwell nobody wants to read that,0,annoying new trend internet people picking apart michael lewis malcolm gladwell nobody want read,0.081,0.169,0.081,0.169,0.8201997780244172,0.17980022197558268,0.0,0.6619999999999999,0.338,0.0,4.799827998053751
highly recommend by malcolm gladwell,1,highly recommend malcolm gladwell,0.482,0.0,0.482,0.0,0.0,0.9300776914539401,0.06992230854605987,0.0,0.0,0.0,7.945172826787708
blink by malcolm gladwell amazing book and the tipping point,1,blink malcolm gladwell amazing book tipping point,0.388,0.0,0.388,0.0,0.13873473917869034,0.8612652608213096,0.0,0.0,0.0,0.0,6.596814229531897
malcolm gladwell might be my new man crush,1,malcolm gladwell might new man crush,0.0,0.242,0.0,0.242,0.0,0.0,0.0,0.516,0.484,0.0,4.443682106558003
omg the commercials alone on espn are going to drive me nuts,0,omg commercial alone espn going drive nut,0.0,0.25,0.0,0.25,0.0,0.0,0.0,0.5,0.5,0.0,4.404761904761901
playing with twitter api sounds fun may need to take a class or find a new friend who like to generate results with api code,1,playing twitter api sound fun may need take class find new friend like generate result api code,0.454,0.0,0.454,0.0,0.0,0.9922308546059934,0.007769145394006666,0.0,0.0,0.0,7.4453774060985225
hello twitter api,1,hello twitter api,0.0,0.0,0.0,0.0,0.0,0.0,0.0,0.0,0.0,0.0,4.999999999999996
because the twitter api is slow and most client s aren t good,0,twitter api slow client good,0.42,0.0,0.42,0.0,0.06770255271920095,0.9322974472807991,0.0,0.0,0.0,0.0,6.96242186772913
yahoo answers can be a butt sometimes,0,yahoo answer butt sometimes,0.0,0.0,0.0,0.0,0.0,0.0,0.0,0.0,0.0,0.0,4.999999999999996
is scrapbooking with nic d,1,scrapbooking nic,0.0,0.0,0.0,0.0,0.0,0.0,0.0,0.0,0.0,0.0,4.999999999999996
rt five things wolfram alpha does better and vastly different than google,1,rt five thing wolfram alpha better vastly different google,0.266,0.0,0.266,0.0,0.4095449500554939,0.5904550499445061,0.0,0.0,0.0,0.0,5.678037057657404
just changed my default pic to a nike basketball cause bball is awesome,1,changed default pic nike basketball cause bball awesome,0.369,0.0,0.369,0.0,0.18091009988901224,0.8190899001109878,0.0,0.0,0.0,0.0,6.410862899997205
rt was just told that nike layoffs started today,0,rt told nike layoff started today,0.0,0.0,0.0,0.0,0.0,0.0,0.0,0.0,0.0,0.0,4.999999999999996
back when i worked for nike we had one fav word just do it,1,back worked nike one fav word,0.375,0.0,0.375,0.0,0.16759156492785796,0.832408435072142,0.0,0.0,0.0,0.0,6.4673911628321115
by the way i m totally inspired by this freaky nike commercial,1,way totally inspired freaky nike commercial,0.34,0.27,0.34,0.27,0.2452830188679245,0.7547169811320755,0.0,0.45999999999999996,0.54,0.0,5.231852370566324
class the d is supposed to come today,1,class supposed come today,0.0,0.0,0.0,0.0,0.0,0.0,0.0,0.0,0.0,0.0,4.999999999999996
needs someone to explain lambda calculus to him,0,need someone explain lambda calculus,0.0,0.0,0.0,0.0,0.0,0.0,0.0,0.0,0.0,0.0,4.999999999999996
took the graduate field exam for computer science today nothing makes you feel like more of an idiot than lambda calculus,0,took graduate field exam computer science today nothing make feel like idiot lambda calculus,0.0,0.311,0.0,0.311,0.0,0.0,0.0,0.378,0.622,0.0,4.049447738882248
shout outs to all east palo alto for being in the buildin karizmakaze cal gta also thanks to profits of doom universal hempz cracka,1,shout out east palo alto buildin karizmakaze cal gta also thanks profit doom universal hempz cracka,0.27,0.126,0.27,0.126,0.4006659267480577,0.5993340732519423,0.0,0.748,0.252,0.0,5.510587039474384
yeahhhhhhhhh i wouldn t really have lived in east palo alto if i could have avoided it i guess it s only for the summer,0,yeah really lived east palo alto could avoided guess summer,0.175,0.19,0.175,0.19,0.6115427302996671,0.38845726970033295,0.0,0.62,0.38,0.0,4.954752046167803
great stanford course thanks for making it available to the public really helpful and informative for starting off,1,great stanford course thanks making available public really helpful informative starting,0.558,0.0,0.558,0.0,0.0,0.7613762486126525,0.23862375138734748,0.0,0.0,0.0,8.313234388730592
work til pm lets go lakers,1,work til pm let go lakers,0.0,0.0,0.0,0.0,0.0,0.0,0.0,0.0,0.0,0.0,4.999999999999996
damn you north korea,0,damn north korea,0.0,0.574,0.0,0.574,0.0,0.0,0.0,0.0,0.8520000000000001,0.1479999999999999,1.6984702811817007
can we just go ahead and blow north korea off the map already,0,go ahead blow north korea map already,0.0,0.0,0.0,0.0,0.0,0.0,0.0,0.0,0.0,0.0,4.999999999999996
north korea please cease this douchebaggery china doesn t even like you anymore,0,north korea please cease douchebaggery china even like anymore,0.407,0.0,0.407,0.0,0.09655937846836857,0.9034406215316314,0.0,0.0,0.0,0.0,6.8050321723892155
why the hell is pelosi in freakin china and on whose dime,0,hell pelosi freakin china whose dime,0.0,0.479,0.0,0.479,0.0,0.0,0.0,0.04200000000000004,0.958,0.0,2.1138881568054613
are you burning more cash than chrysler and gm stop the financial tsunami where bailout means taking a handout,0,burning cash chrysler gm stop financial tsunami bailout mean taking handout,0.0,0.286,0.0,0.286,0.0,0.0,0.0,0.42800000000000005,0.572,0.0,4.208516841343027
insects have infected my spinach plant,0,insect infected spinach plant,0.0,0.516,0.0,0.516,0.0,0.0,0.0,0.0,0.968,0.03200000000000003,1.6683237552082726
wish i could catch every mosquito in the world n burn em slowly they been bitin the shit outta me day mosquitos are the assholes of insects,0,wish could catch every mosquito world burn em slowly bitin shit outta day mosquito asshole insect,0.133,0.177,0.133,0.177,0.704772475027747,0.2952275249722531,0.0,0.646,0.354,0.0,4.8816555024301636
just got back from church and i totally hate insects,0,got back church totally hate insect,0.0,0.444,0.0,0.444,0.0,0.0,0.0,0.11199999999999999,0.888,0.0,2.7088122329874964
just got mcdonalds goddam those eggs make me sick o yeah laker up date go lakers not much of an update well it s true so suck it,0,got mcdonalds goddam egg make sick yeah laker date go lakers much update well true suck,0.265,0.362,0.265,0.362,0.4117647058823529,0.5882352941176471,0.0,0.276,0.724,0.0,4.684347540553556
omgg i ohhdee want mcdonalds damn i wonder if its open lol,1,omgg ohhdee want mcdonalds damn wonder open lol,0.347,0.229,0.347,0.229,0.22974472807991128,0.7702552719200887,0.0,0.542,0.458,0.0,5.43504592947262
history exam studying ugh,0,history exam studying ugh,0.0,0.483,0.0,0.483,0.0,0.0,0.0,0.03400000000000003,0.966,0.0,2.0348091730734215
i hate revision it s so boring i am totally unprepared for my exam tomorrow things are not looking good,0,hate revision boring totally unprepared exam tomorrow thing looking good,0.182,0.377,0.182,0.377,0.5960044395116537,0.4039955604883463,0.0,0.246,0.754,0.0,4.205356989809643
higher physics exam tommorow not lookin forward to it much,0,higher physic exam tommorow lookin forward much,0.0,0.0,0.0,0.0,0.0,0.0,0.0,0.0,0.0,0.0,4.999999999999996
it s a bank holiday yet i m only out of work now exam season sucks,0,bank holiday yet work exam season suck,0.255,0.274,0.255,0.274,0.4339622641509434,0.5660377358490566,0.0,0.45199999999999996,0.548,0.0,4.9303497927434305
cheney and bush are the real culprits,0,cheney bush real culprit,0.0,0.0,0.0,0.0,0.0,0.0,0.0,0.0,0.0,0.0,4.999999999999996
life s a bitch and so is dick cheney p bipart tlot tcot hhrs gop dnc,0,life bitch dick cheney bipart tlot tcot hhrs gop dnc,0.0,0.47,0.0,0.47,0.0,0.0,0.0,0.06000000000000005,0.94,0.0,2.2826129344104262
dick cheney s dishonest speech about torture terror and obama fred kaplan slate,0,dick cheney dishonest speech torture terror obama fred kaplan slate,0.0,0.704,0.0,0.704,0.0,0.0,0.0,0.0,0.5920000000000001,0.4079999999999999,1.863715891374539
the republican party is a bunch of anti abortion zealots who couldn t draw flies to a dump neal boortz just now on the radio,0,republican party bunch anti abortion zealot draw fly dump neal boortz radio,0.146,0.422,0.146,0.422,0.6759156492785793,0.3240843507214206,0.0,0.15600000000000003,0.844,0.0,3.818522999277924
is twitter s connections api broken some tweets didn t make it to twitter,0,twitter connection api broken tweet make twitter,0.0,0.341,0.0,0.341,0.0,0.0,0.0,0.31799999999999995,0.682,0.0,3.829267359765039
i srsly hate the stupid twitter api timeout thing soooo annoying,0,srsly hate stupid twitter api timeout thing annoying,0.0,0.662,0.0,0.662,0.0,0.0,0.0,0.0,0.6759999999999999,0.32400000000000007,1.7988152655832543
i really liked learning jquery book is worth a look too,1,really liked learning jquery book worth look,0.5,0.0,0.5,0.0,0.0,0.8901220865704773,0.10987791342952273,0.0,0.0,0.0,8.32749708124948
very interesting ad from adobe by goodby silverstein amp partners youtube adobe cs le sens propre,1,interesting ad adobe goodby silverstein amp partner youtube adobe c le sen propre,0.197,0.0,0.197,0.0,0.562708102108768,0.43729189789123196,0.0,0.0,0.0,0.0,5.365490319628006
goodby silverstein agency new site great,1,goodby silverstein agency new site great,0.451,0.0,0.451,0.0,0.0,0.9988901220865705,0.0011098779134295236,0.0,0.0,0.0,7.39793466397006
rt goodby silverstein s new site i enjoy it nice find,1,rt goodby silverstein new site enjoy nice find,0.5,0.0,0.5,0.0,0.0,0.8901220865704773,0.10987791342952273,0.0,0.0,0.0,8.32749708124948
the ever amazing psyop and goodby silverstein amp partners for hp have to go play with after effects now,1,ever amazing psyop goodby silverstein amp partner hp go play effect,0.408,0.0,0.408,0.0,0.09433962264150951,0.9056603773584905,0.0,0.0,0.0,0.0,6.816681686935911
top ten most watched on viral video chart love the nike mostvaluablepuppets campaign from wieden amp kennedy,1,top ten watched viral video chart love nike mostvaluablepuppets campaign wieden amp kennedy,0.353,0.0,0.353,0.0,0.216426193118757,0.783573806881243,0.0,0.0,0.0,0.0,6.26913482082821
zomg i have a g,1,zomg,0.0,0.0,0.0,0.0,0.0,0.0,0.0,0.0,0.0,0.0,4.999999999999996
ok so lots of buzz from io but how lucky are they a free g,1,ok lot buzz io lucky free,0.735,0.0,0.735,0.0,0.0,0.36847946725860165,0.6315205327413984,0.0,0.0,0.0,8.082875853697558
just got a free g android at google i o,1,got free android google,0.524,0.0,0.524,0.0,0.0,0.8368479467258602,0.16315205327413987,0.0,0.0,0.0,8.329665867156054
guess i ll be retiring my g and start using my developer g woot googleio,1,guess retiring start using developer woot googleio,0.318,0.0,0.318,0.0,0.29411764705882354,0.7058823529411765,0.0,0.0,0.0,0.0,5.998878695890802
i am happy for philip being at googleio today,1,happy philip googleio today,0.552,0.0,0.552,0.0,0.0,0.7746947835738068,0.2253052164261932,0.0,0.0,0.0,8.31700147093082
lakers played great cannot wait for thursday night lakers vs,1,lakers played great wait thursday night lakers v,0.565,0.0,0.565,0.0,0.0,0.7458379578246395,0.25416204217536054,0.0,0.0,0.0,8.308403707628493
judd apatow creates fake sitcom on nbc com to market his new movie viral marketing at its best,1,judd apatow creates fake sitcom nbc com market new movie viral marketing best,0.325,0.16,0.325,0.16,0.2785793562708102,0.7214206437291898,0.0,0.6799999999999999,0.32,0.0,5.712782722974614
viral marketing fail this acia pills brand oughta get shut down for hacking into people s messenger s i get msgs in a day arrrgh,0,viral marketing fail acia pill brand oughta get shut hacking people messenger get msg day argh,0.0,0.189,0.0,0.189,0.0,0.0,0.0,0.622,0.378,0.0,4.663777176369971
watching night at the museum lmao,1,watching night museum lmao,0.565,0.0,0.565,0.0,0.0,0.7458379578246395,0.25416204217536054,0.0,0.0,0.0,8.308403707628493
i loved night at the museum,1,loved night museum,0.661,0.0,0.661,0.0,0.0,0.5327413984461709,0.4672586015538291,0.0,0.0,0.0,8.2026136663537
just got back from the movies went to see the new night at the museum with rachel it was good,1,got back movie went see new night museum rachel good,0.244,0.0,0.244,0.0,0.4583795782463929,0.541620421753607,0.0,0.0,0.0,0.0,5.565898133693597
i will take you on a date to see night at the museum whenever you want it looks soooooo good,1,take date see night museum whenever want look good,0.375,0.0,0.375,0.0,0.16759156492785796,0.832408435072142,0.0,0.0,0.0,0.0,6.4673911628321115
no watching the night at the museum getting really good,1,watching night museum getting really good,0.39,0.0,0.39,0.0,0.13429522752497225,0.8657047724750278,0.0,0.0,0.0,0.0,6.61761965158554
night at the museum wolverine and junk food perfect monday,1,night museum wolverine junk food perfect monday,0.381,0.0,0.381,0.0,0.15427302996670367,0.8457269700332963,0.0,0.0,0.0,0.0,6.525904567450589
saw night at the museum last night pretty crazy movie but the cast was awesome so it was well worth it robin williams forever,1,saw night museum last night pretty crazy movie cast awesome well worth robin williams forever,0.477,0.101,0.477,0.101,0.0,0.9411764705882354,0.058823529411764636,0.798,0.202,0.0,6.704117195787223
night at the museum tonite instead of up oh well that yr old better enjoy it lol,0,night museum tonite instead oh well yr old better enjoy lol,0.611,0.0,0.611,0.0,0.0,0.6437291897891233,0.35627081021087675,0.0,0.0,0.0,8.266112215087414
it s unfortunate that after the stimulus plan was put in place twice to help gm on the back of the american people has led to the inevitable,0,unfortunate stimulus plan put place twice help gm back american people led inevitable,0.162,0.18,0.162,0.18,0.6403995560488346,0.35960044395116536,0.0,0.64,0.36,0.0,4.9483404499530845
tell me again why we are giving more to gm we should use that for all the programs that support the unemployed,0,tell giving gm use program support unemployed,0.505,0.0,0.505,0.0,0.0,0.8790233074361821,0.12097669256381796,0.0,0.0,0.0,8.333164976656343
oh yes but if gm dies it will only be worth more boo hahaha,0,oh yes gm dy worth boo hahaha,0.672,0.0,0.672,0.0,0.0,0.5083240843507214,0.49167591564927865,0.0,0.0,0.0,8.18658368006433
time warner cable is down again rd time since memorial day bummer,0,time warner cable rd time since memorial day bummer,0.0,0.245,0.0,0.245,0.0,0.0,0.0,0.51,0.49,0.0,4.4292745031004985
i would rather pay reasonable yearly taxes for free fast internet than get gouged by time warner for a slow connection,0,would rather pay reasonable yearly tax free fast internet get gouged time warner slow connection,0.186,0.079,0.186,0.079,0.5871254162042175,0.41287458379578246,0.0,0.842,0.158,0.0,5.258603514916543
nooooooo my dvr just died and i was only half way through the ea presser hate you time warner,0,dvr died half way ea presser hate time warner,0.0,0.51,0.0,0.51,0.0,0.0,0.0,0.0,0.98,0.020000000000000018,1.667323602125946
f ck time warner cable you f cking suck balls i have a hd tv amp my damn hd channels hardly ever come in bullshit,0,ck time warner cable cking suck ball hd tv amp damn hd channel hardly ever come bullshit,0.0,0.395,0.0,0.395,0.0,0.0,0.0,0.20999999999999996,0.79,0.0,3.3292624904040875
time warner has the worse customer service ever i will never use them again,0,time warner worse customer service ever never use,0.0,0.307,0.0,0.307,0.0,0.0,0.0,0.386,0.614,0.0,4.076287990765653
time warner is the devil worst possible time for the internet to go out,0,time warner devil worst possible time internet go,0.0,0.586,0.0,0.586,0.0,0.0,0.0,0.0,0.8280000000000001,0.17199999999999993,1.7087405997549565
fuck no internet damn time warner,0,fuck internet damn time warner,0.0,0.674,0.0,0.674,0.0,0.0,0.0,0.0,0.6519999999999999,0.3480000000000001,1.8164032338754403
time warner really picks the worst time to not work all i want to do is get to mtv com so i can watch the hills wtfffff,0,time warner really pick worst time work want get mtv com watch hill wtf,0.063,0.399,0.063,0.399,0.8601553829078802,0.13984461709211987,0.0,0.20199999999999996,0.798,0.0,3.3604752956512653
i hate time warner soooo wish i had vios cant watch the fricken mets game w o buffering i feel like im watching free internet porn,0,hate time warner wish vios cant watch fricken mets game buffering feel like im watching free internet porn,0.324,0.141,0.324,0.141,0.2807991120976693,0.7192008879023307,0.0,0.718,0.282,0.0,5.774742836268614
ahh got rid of stupid time warner today amp now taking a nap while the roomies cook for me pretty good end for a monday,0,ahh got rid stupid time warner today amp taking nap roomy cook pretty good end monday,0.271,0.151,0.271,0.151,0.39844617092119866,0.6015538290788014,0.0,0.698,0.302,0.0,5.441371419219947
time warner s hd line up is crap,0,time warner hd line crap,0.0,0.394,0.0,0.394,0.0,0.0,0.0,0.21199999999999997,0.788,0.0,3.340014493119857
is being fucked by time warner cable didnt know modems could explode and susan boyle sucks too,0,fucked time warner cable didnt know modem could explode susan boyle suck,0.0,0.422,0.0,0.422,0.0,0.0,0.0,0.15600000000000003,0.844,0.0,3.0121681486446508
time warner cable slogan where calling it a day at pm happens,0,time warner cable slogan calling day pm happens,0.0,0.0,0.0,0.0,0.0,0.0,0.0,0.0,0.0,0.0,4.999999999999996
recovering from surgery wishing was here,0,recovering surgery wishing,0.487,0.0,0.487,0.0,0.0,0.9189789123196449,0.08102108768035511,0.0,0.0,0.0,8.046976675040215
my wrist still hurts i have to get it looked at i hate the dr dentist scary places time to watch eagle eye if you want to join txt,1,wrist still hurt get looked hate dr dentist scary place time watch eagle eye want join txt,0.136,0.399,0.136,0.399,0.6981132075471698,0.3018867924528302,0.0,0.20199999999999996,0.798,0.0,3.797614308904287
the dentist lied u won t feel any discomort prob won t even need pain pills man u twippin this shit hurt how many pills can i take,0,dentist lied feel discomort prob even need pain pill man twippin shit hurt many pill take,0.0,0.518,0.0,0.518,0.0,0.0,0.0,0.0,0.964,0.03600000000000003,1.66875495100071
my dentist is great but she s expensive,0,dentist great expensive,0.672,0.0,0.672,0.0,0.0,0.5083240843507214,0.49167591564927865,0.0,0.0,0.0,8.18658368006433
is studing math tomorrow exam and dentist,1,studing math tomorrow exam dentist,0.0,0.0,0.0,0.0,0.0,0.0,0.0,0.0,0.0,0.0,4.999999999999996
my dentist was wrong wrong,0,dentist wrong wrong,0.0,0.861,0.0,0.861,0.0,0.0,0.0,0.0,0.278,0.722,1.7674578660717521
going to the dentist later,0,going dentist later,0.0,0.0,0.0,0.0,0.0,0.0,0.0,0.0,0.0,0.0,4.999999999999996
son has me looking at cars online i hate car shopping would rather go to the dentist anyone with a good car at a good price to sell,0,son looking car online hate car shopping would rather go dentist anyone good car good price sell,0.247,0.157,0.247,0.157,0.45172031076581576,0.5482796892341842,0.0,0.6859999999999999,0.314,0.0,5.311596965845444
luke and i got stopped walking out of safeway and asked to empty our pockets and lift our shirts how jacked up is that,0,luke got stopped walking safeway asked empty pocket lift shirt jacked,0.0,0.291,0.0,0.291,0.0,0.0,0.0,0.41800000000000004,0.582,0.0,4.178307054364629
safeway is very rock n roll tonight,1,safeway rock roll tonight,0.0,0.0,0.0,0.0,0.0,0.0,0.0,0.0,0.0,0.0,4.999999999999996
the safeway bathroom still smells like ass,0,safeway bathroom still smell like as,0.333,0.0,0.333,0.0,0.2608213096559378,0.7391786903440621,0.0,0.0,0.0,0.0,6.108573993530554
at safeway on elkhorn they move like they re dead,0,safeway elkhorn move like dead,0.255,0.439,0.255,0.439,0.4339622641509434,0.5660377358490566,0.0,0.122,0.878,0.0,4.474288071392205
i love dwight howard s vitamin water commercial now i wish he was with nike and not adidas lol,1,love dwight howard vitamin water commercial wish nike adidas lol,0.665,0.0,0.665,0.0,0.0,0.5238623751387347,0.4761376248612653,0.0,0.0,0.0,8.196863573186375
found nothing at nike factory off to banana republic outlet,0,found nothing nike factory banana republic outlet,0.0,0.0,0.0,0.0,0.0,0.0,0.0,0.0,0.0,0.0,4.999999999999996
is lovin his nike already and that s only from running on the spot in his bedroom,1,lovin nike already running spot bedroom,0.0,0.0,0.0,0.0,0.0,0.0,0.0,0.0,0.0,0.0,4.999999999999996
i finally got around to using jquery to make my bio collapse yay for slide animations,1,finally got around using jquery make bio collapse yay slide animation,0.218,0.205,0.218,0.205,0.516093229744728,0.4839067702552719,0.0,0.5900000000000001,0.41,0.0,5.043838054898781
right lol we ll get there i have high expectations warren buffet style,1,right lol get high expectation warren buffet style,0.286,0.0,0.286,0.0,0.36514983351831304,0.6348501664816869,0.0,0.0,0.0,0.0,5.791483158656965
rt rt great someone s sitting in the shade today because someone planted a tree a long time ago warren buffet,1,rt rt great someone sitting shade today someone planted tree long time ago warren buffet,0.227,0.0,0.227,0.0,0.4961154273029967,0.5038845726970034,0.0,0.0,0.0,0.0,5.4875568719616865
warren buffet became for a time the richest man in the united states not by working but investing in big idea which lead to the fortune,1,warren buffet became time richest man united state working investing big idea lead fortune,0.341,0.0,0.341,0.0,0.24306326304106546,0.7569367369589346,0.0,0.0,0.0,0.0,6.170732640234925
according to the create a school notre dame will have receivers in ncaa at or higher rating sweet,1,according create school notre dame receiver ncaa higher rating sweet,0.389,0.0,0.389,0.0,0.1365149833518313,0.8634850166481687,0.0,0.0,0.0,0.0,6.607185936355181
it s definitely under warranty amp my experience is the amazon support for kindle is great had to contact them about my kindle,1,definitely warranty amp experience amazon support kindle great contact kindle,0.651,0.0,0.651,0.0,0.0,0.5549389567147613,0.44506104328523866,0.0,0.0,0.0,8.216581194946531
time warner road runner customer support here absolutely blows i hate not having other high speed net options i m ready to go nuclear,0,time warner road runner customer support absolutely blow hate high speed net option ready go nuclear,0.234,0.179,0.234,0.179,0.48057713651498335,0.5194228634850167,0.0,0.642,0.358,0.0,5.188531087522505
time warner cable phone reps r dumber than nails ugh cable was working mins ago now its not wtf,0,time warner cable phone rep dumber nail ugh cable working min ago wtf,0.0,0.476,0.0,0.476,0.0,0.0,0.0,0.04800000000000004,0.952,0.0,2.1715037215202657
we tried but time warner wasn t being nice so we recorded today,0,tried time warner nice recorded today,0.359,0.0,0.359,0.0,0.2031076581576027,0.7968923418423973,0.0,0.0,0.0,0.0,6.320809293288331
omg time warner f ed up my internet install instead of today its now next saturday another week w o internet amp ehfa v fhg fml,0,omg time warner ed internet install instead today next saturday another week internet amp ehfa fhg fml,0.0,0.0,0.0,0.0,0.0,0.0,0.0,0.0,0.0,0.0,4.999999999999996
wth i have never seen a line this loooong at time warner before ugh,0,wth never seen line long time warner ugh,0.0,0.508,0.0,0.508,0.0,0.0,0.0,0.0,0.984,0.016000000000000014,1.6670899546142592
impatiently awaiting the arrival of the time warner guy it s way too pretty to be inside all afternoon,0,impatiently awaiting arrival time warner guy way pretty inside afternoon,0.23,0.194,0.23,0.194,0.4894561598224195,0.5105438401775805,0.0,0.612,0.388,0.0,5.123987569042104
naive bayes using em for text classification really frustrating,0,naive bayes using em text classification really frustrating,0.0,0.469,0.0,0.469,0.0,0.0,0.0,0.062000000000000055,0.938,0.0,2.3006186978339205
we went to stanford university today got a tour made me want to go back to college it s also decided all of our kids will go there,1,went stanford university today got tour made want go back college also decided kid go,0.085,0.0,0.085,0.0,0.8113207547169811,0.18867924528301888,0.0,0.0,0.0,0.0,5.069155770698362
if you re being harassed by calls about your car warranty changing your number won t fix that they call every number d bags,0,harassed call car warranty changing number fix call every number bag,0.184,0.248,0.184,0.248,0.5915649278579357,0.40843507214206437,0.0,0.504,0.496,0.0,4.771014783615697
just blocked united blood services using google voice they call more than those car warranty guys,0,blocked united blood service using google voice call car warranty guy,0.201,0.151,0.201,0.151,0.5538290788013318,0.44617092119866814,0.0,0.698,0.302,0.0,5.150099135079293
at amp t is complete fail,0,amp complete fail,0.0,0.636,0.0,0.636,0.0,0.0,0.0,0.0,0.728,0.272,1.763609371983275
oh snap you work at at amp t don t you,0,oh snap work amp,0.0,0.0,0.0,0.0,0.0,0.0,0.0,0.0,0.0,0.0,4.999999999999996
i really dont want at amp t phone service they suck when it comes to having a signal,0,really dont want amp phone service suck come signal,0.0,0.386,0.0,0.386,0.0,0.0,0.0,0.22799999999999998,0.772,0.0,3.4237452852025703
i say we just cut out the small talk at amp t s new slogan f__k you give us your money apologies to bob geldof,0,say cut small talk amp new slogan fk give u money apology bob geldof,0.084,0.147,0.084,0.147,0.8135405105438401,0.18645948945615984,0.0,0.706,0.294,0.0,4.867848877265216
pissed about at amp t s mid contract upgrade price for the iphone it s more i m not going to pay for something i thought was,0,pissed amp mid contract upgrade price iphone going pay something thought,0.0,0.384,0.0,0.384,0.0,0.0,0.0,0.23199999999999998,0.768,0.0,3.4440630776886234
safari is fast even on my shitty at amp t tethering,0,safari fast even shitty amp tethering,0.0,0.419,0.0,0.419,0.0,0.0,0.0,0.16200000000000003,0.838,0.0,3.0501588112784805
what is at amp t fucking up,0,amp fucking,0.0,0.0,0.0,0.0,0.0,0.0,0.0,0.0,0.0,0.0,4.999999999999996
at amp t dropped the ball and isn t supporting crap with the new iphone fail att sucks,0,amp dropped ball supporting crap new iphone fail att suck,0.162,0.503,0.162,0.503,0.6403995560488346,0.35960044395116536,0.0,0.0,0.994,0.006000000000000005,3.8528883553353435
yay glad you got the phone still damn you at amp t,0,yay glad got phone still damn amp,0.489,0.206,0.489,0.206,0.0,0.9145394006659268,0.0854605993340732,0.5880000000000001,0.412,0.0,5.8384938987887915
talk is cheap bing that i ll stick with google,0,talk cheap bing stick google,0.0,0.0,0.0,0.0,0.0,0.0,0.0,0.0,0.0,0.0,4.999999999999996
wtf is the point of deleting tweets if they can still be found in summize and searches twitter please fix that thanks and bye,0,wtf point deleting tweet still found summize search twitter please fix thanks bye,0.274,0.2,0.274,0.2,0.3917869034406215,0.6082130965593785,0.0,0.6,0.4,0.0,5.287094491935764
i love google translator too d good day mate,1,love google translator good day mate,0.64,0.0,0.64,0.0,0.0,0.5793562708102109,0.4206437291897891,0.0,0.0,0.0,8.231246486850418
reading on my new kindle,1,reading new kindle,0.0,0.0,0.0,0.0,0.0,0.0,0.0,0.0,0.0,0.0,4.999999999999996
my kindle came and i love it,1,kindle came love,0.677,0.0,0.677,0.0,0.0,0.4972253052164261,0.5027746947835738,0.0,0.0,0.0,8.179075629473072
loving my new kindle named her kendra in case u were wondering the cookbook is the tool cuz it tells u all the tricks best gift evr,1,loving new kindle named kendra case wondering cookbook tool cuz tell trick best gift evr,0.474,0.052,0.474,0.052,0.0,0.9478357380688125,0.05216426193118749,0.896,0.104,0.0,7.335151227548914
the real aig scandal,0,real aig scandal,0.0,0.592,0.0,0.592,0.0,0.0,0.0,0.0,0.8160000000000001,0.18399999999999994,1.7143277319462566
obama is quite a good comedian check out his dinner speech on cnn very funny jokes,1,obama quite good comedian check dinner speech cnn funny joke,0.651,0.0,0.651,0.0,0.0,0.5549389567147613,0.44506104328523866,0.0,0.0,0.0,8.216581194946531
barack obama shows his funny side gt gt great speech,1,barack obama show funny side gt gt great speech,0.691,0.0,0.691,0.0,0.0,0.4661487236403997,0.5338512763596003,0.0,0.0,0.0,8.157347960050185
i like this guy barack obama shows his funny side gt gt,1,like guy barack obama show funny side gt gt,0.658,0.0,0.658,0.0,0.0,0.5394006659267481,0.460599334073252,0.0,0.0,0.0,8.206865731161837
obama s speech was pretty awesome last night,1,obama speech pretty awesome last night,0.646,0.0,0.646,0.0,0.0,0.5660377358490566,0.4339622641509434,0.0,0.0,0.0,8.223340122399774
reading bill clinton fail obama win,1,reading bill clinton fail obama win,0.336,0.31,0.336,0.31,0.2541620421753607,0.7458379578246394,0.0,0.38,0.62,0.0,5.077139600373503
obama more popular than u s among arabs survey president barack obama s popularity in leading arab countries,1,obama popular among arab survey president barack obama popularity leading arab country,0.371,0.0,0.371,0.0,0.17647058823529416,0.8235294117647058,0.0,0.0,0.0,0.0,6.429491004550582
obama s got jokes haha just got to watch a bit of his after dinner speech from last night i m in love with mr president,1,obama got joke haha got watch bit dinner speech last night love mr president,0.461,0.0,0.461,0.0,0.0,0.97669256381798,0.023307436182019997,0.0,0.0,0.0,7.560293179834667
lebron james got in a car accident i guess just heard it on evening news wow i cant believe it will he be ok,0,lebron james got car accident guess heard evening news wow cant believe ok,0.202,0.265,0.202,0.265,0.5516093229744727,0.4483906770255272,0.0,0.47,0.53,0.0,4.760831864598214
is it me or is this the best the playoffs have been in years oh yea lebron and melo in the finals,1,best playoff year oh yea lebron melo final,0.375,0.0,0.375,0.0,0.16759156492785796,0.832408435072142,0.0,0.0,0.0,0.0,6.4673911628321115
no lebron is the best,1,lebron best,0.808,0.0,0.808,0.0,0.0,0.20643729189789117,0.7935627081021088,0.0,0.0,0.0,8.15575737000675
lebron is cool i like his personality he has good character,1,lebron cool like personality good character,0.72,0.0,0.72,0.0,0.0,0.4017758046614873,0.5982241953385127,0.0,0.0,0.0,8.109255395812824
watching lebron highlights damn that niggas good,1,watching lebron highlight damn nigga good,0.482,0.245,0.482,0.245,0.0,0.9300776914539401,0.06992230854605987,0.51,0.49,0.0,5.616250997670229
lebron is murdering shit,1,lebron murdering shit,0.0,0.888,0.0,0.888,0.0,0.0,0.0,0.0,0.22399999999999998,0.776,1.734992551125899
lebron is a monsta and he is only smh the world ain t ready,1,lebron monsta smh world ready,0.321,0.295,0.321,0.295,0.2874583795782464,0.7125416204217536,0.0,0.41000000000000003,0.59,0.0,5.082284449572064
when lebron is done in the nba he will probably be greater than kobe like u said kobe is good but there alot of good players,1,lebron done nba probably greater kobe like said kobe good alot good player,0.545,0.0,0.545,0.0,0.0,0.7902330743618201,0.20976692563817986,0.0,0.0,0.0,8.320944657462288
kobe is good bt lebron has my vote,1,kobe good bt lebron vote,0.42,0.0,0.42,0.0,0.06770255271920095,0.9322974472807991,0.0,0.0,0.0,0.0,6.96242186772913
kobe is the best in the world not lebron,0,kobe best world lebron,0.583,0.0,0.583,0.0,0.0,0.7058823529411766,0.29411764705882343,0.0,0.0,0.0,8.293941717425913
world cup access damn that s a good look,1,world cup access damn good look,0.302,0.281,0.302,0.281,0.3296337402885683,0.6703662597114317,0.0,0.43799999999999994,0.562,0.0,5.070531463548809
just bought my tickets for the fifa world cup in south africa its going to be a great summer,1,bought ticket fifa world cup south africa going great summer,0.313,0.0,0.313,0.0,0.3052164261931188,0.6947835738068813,0.0,0.0,0.0,0.0,5.964181548449541
i have to go to booz allen hamilton for a hr meeting but then i get to go home,0,go booz allen hamilton hr meeting get go home,0.0,0.0,0.0,0.0,0.0,0.0,0.0,0.0,0.0,0.0,4.999999999999996
the great indian tamasha truly will unfold from may the result day for indian general election,1,great indian tamasha truly unfold may result day indian general election,0.438,0.0,0.438,0.0,0.027746947835738094,0.9722530521642619,0.0,0.0,0.0,0.0,7.203842759669529
i have the kindle i ve seen pictures of the dx but haven t seen it in person i love my kindle i m on it everyday,1,kindle seen picture dx seen person love kindle everyday,0.276,0.263,0.276,0.263,0.3873473917869034,0.6126526082130966,0.0,0.474,0.526,0.0,5.04667184048256
such an awesome idea the continual learning program with a kindle,1,awesome idea continual learning program kindle,0.451,0.0,0.451,0.0,0.0,0.9988901220865705,0.0011098779134295236,0.0,0.0,0.0,7.39793466397006
ooooh what model are you getting i have the d and love love love love it,1,oh model getting love love love love,0.848,0.0,0.848,0.0,0.0,0.11764705882352951,0.8823529411764705,0.0,0.0,0.0,8.215211174226043
the times of india the wonder that is india s election,1,time india wonder india election,0.0,0.0,0.0,0.0,0.0,0.0,0.0,0.0,0.0,0.0,4.999999999999996
good video from google on using search options,1,good video google using search option,0.367,0.0,0.367,0.0,0.18534961154273033,0.8146503884572697,0.0,0.0,0.0,0.0,6.392444909508745
lol ah my skin is itchy damn lawnmowing,0,lol ah skin itchy damn lawnmowing,0.264,0.453,0.264,0.453,0.413984461709212,0.586015538290788,0.0,0.09399999999999997,0.906,0.0,4.49840866739124
itchy back dont ya hate it,0,itchy back dont ya hate,0.37,0.259,0.37,0.259,0.1786903440621532,0.8213096559378468,0.0,0.482,0.518,0.0,5.363040496918796
stanford charity fashion show a top draw,1,stanford charity fashion show top draw,0.535,0.0,0.535,0.0,0.0,0.8124306326304106,0.18756936736958937,0.0,0.0,0.0,8.32569758581151
stanford university s facebook profile is one of the most popular official university pages,1,stanford university facebook profile one popular official university page,0.259,0.0,0.259,0.0,0.42508324084350724,0.5749167591564928,0.0,0.0,0.0,0.0,5.640979206652233
lyx is cool,1,lyx cool,0.697,0.0,0.697,0.0,0.0,0.4528301886792454,0.5471698113207546,0.0,0.0,0.0,8.147729408409534
sooo dissapointed they sent danny gokey home you still rock danny my hometown hero yeah milrockee,1,dissapointed sent danny gokey home still rock danny hometown hero yeah milrockee,0.367,0.0,0.367,0.0,0.18534961154273033,0.8146503884572697,0.0,0.0,0.0,0.0,6.392444909508745
rt american idol fashion adam lambert tones down danny gokey cute,1,rt american idol fashion adam lambert tone danny gokey cute,0.25,0.0,0.25,0.0,0.44506104328523866,0.5549389567147613,0.0,0.0,0.0,0.0,5.595238095238096
i love you danny gokey,1,love danny gokey,0.677,0.0,0.677,0.0,0.0,0.4972253052164261,0.5027746947835738,0.0,0.0,0.0,8.179075629473072
so tired i didn t sleep well at all last night,0,tired sleep well last night,0.263,0.362,0.263,0.362,0.416204217536071,0.5837957824639289,0.0,0.276,0.724,0.0,4.6759131996038965
boarding plane for san francisco in hour hr flight blech,0,boarding plane san francisco hour hr flight blech,0.0,0.0,0.0,0.0,0.0,0.0,0.0,0.0,0.0,0.0,4.999999999999996
bonjour san francisco my back hurts from last night,0,bonjour san francisco back hurt last night,0.0,0.362,0.0,0.362,0.0,0.0,0.0,0.276,0.724,0.0,3.65270227042144
with my best girl for a few more hours in san francisco mmmmmfamily is wonderful,1,best girl hour san francisco mfamily wonderful,0.612,0.0,0.612,0.0,0.0,0.6415094339622642,0.35849056603773577,0.0,0.0,0.0,8.265007448874103
f up big or go home aig,0,big go home aig,0.0,0.0,0.0,0.0,0.0,0.0,0.0,0.0,0.0,0.0,4.999999999999996
went to see the star trek movie last night very satisfying,1,went see star trek movie last night satisfying,0.3,0.0,0.3,0.0,0.3340732519422864,0.6659267480577136,0.0,0.0,0.0,0.0,5.878049356981497
i can t wait going to see star trek tonight,1,wait going see star trek tonight,0.0,0.0,0.0,0.0,0.0,0.0,0.0,0.0,0.0,0.0,4.999999999999996
star trek was as good as everyone said,1,star trek good everyone said,0.42,0.0,0.42,0.0,0.06770255271920095,0.9322974472807991,0.0,0.0,0.0,0.0,6.96242186772913
am loving new malcolm gladwell book outliers,1,loving new malcolm gladwell book outlier,0.438,0.0,0.438,0.0,0.027746947835738094,0.9722530521642619,0.0,0.0,0.0,0.0,7.203842759669529
i highly recommend malcolm gladwell s the tipping point my next audiobook will probably be one of his as well,1,highly recommend malcolm gladwell tipping point next audiobook probably one well,0.352,0.0,0.352,0.0,0.21864594894561604,0.7813540510543839,0.0,0.0,0.0,0.0,6.260687050691794
malcolm gladwell is a genius at tricking people into not realizing he s a fucking idiot,0,malcolm gladwell genius tricking people realizing fucking idiot,0.103,0.336,0.103,0.336,0.7713651498335183,0.22863485016648166,0.0,0.32799999999999996,0.672,0.0,4.022829041245472
hey no offense but malcolm gladwell is a pretenious annoying cunt and he brings you down cant read his shit,0,hey offense malcolm gladwell pretenious annoying cunt brings cant read shit,0.164,0.443,0.164,0.443,0.6359600443951164,0.36403995560488345,0.0,0.11399999999999999,0.886,0.0,3.91788043661842
rt great article by malcolm gladwell,1,rt great article malcolm gladwell,0.506,0.0,0.506,0.0,0.0,0.876803551609323,0.123196448390677,0.0,0.0,0.0,8.333092838933103
i seriously underestimated malcolm gladwell i want to meet this dude,1,seriously underestimated malcolm gladwell want meet dude,0.143,0.418,0.143,0.418,0.6825749167591565,0.31742508324084345,0.0,0.16400000000000003,0.836,0.0,3.803511353183442
i hate comcast right now everything is down cable internet amp phone ughh what am i to do,0,hate comcast right everything cable internet amp phone ughh,0.0,0.316,0.0,0.316,0.0,0.0,0.0,0.368,0.632,0.0,4.0151082307136905
comcast sucks,0,comcast suck,0.0,0.744,0.0,0.744,0.0,0.0,0.0,0.0,0.512,0.488,1.9334090511417856
the day i never have to deal with comcast again will rank as one of the best days of my life,0,day never deal comcast rank one best day life,0.344,0.0,0.344,0.0,0.23640399556048844,0.7635960044395116,0.0,0.0,0.0,0.0,6.194737088540045
did comcast fail again,0,comcast fail,0.0,0.778,0.0,0.778,0.0,0.0,0.0,0.0,0.44399999999999995,0.556,1.8942051688485466
curses the twitter api limit,0,curse twitter api limit,0.0,0.538,0.0,0.538,0.0,0.0,0.0,0.0,0.9239999999999999,0.07600000000000007,1.6756167332935235
now i can see why dave winer screams about lack of twitter api its limitations and access throttles,0,see dave winer scream lack twitter api limitation access throttle,0.0,0.507,0.0,0.507,0.0,0.0,0.0,0.0,0.986,0.014000000000000012,1.6669921634812404
arg twitter api is making me crazy,0,arg twitter api making crazy,0.0,0.375,0.0,0.375,0.0,0.0,0.0,0.25,0.75,0.0,3.5326088371678854
i m really loving the new search site wolfram alpha makes google seem so quaint,1,really loving new search site wolfram alpha make google seem quaint,0.295,0.0,0.295,0.0,0.3451720310765816,0.6548279689234183,0.0,0.0,0.0,0.0,5.8464208917428095
wolfram alpha sucks even for researchers the information provided is less than you can get from google or wikipedia totally useless,0,wolfram alpha suck even researcher information provided less get google wikipedia totally useless,0.0,0.353,0.0,0.353,0.0,0.0,0.0,0.29400000000000004,0.706,0.0,3.730865179171853
off to the nike factory,1,nike factory,0.0,0.0,0.0,0.0,0.0,0.0,0.0,0.0,0.0,0.0,4.999999999999996
new nike muppet commercials are pretty cute why do we live together again,1,new nike muppet commercial pretty cute live together,0.508,0.0,0.508,0.0,0.0,0.8723640399556049,0.1276359600443951,0.0,0.0,0.0,8.332910045385736
oh those are awesome i so wish they weren t owned by nike,0,oh awesome wish owned nike,0.694,0.0,0.694,0.0,0.0,0.45948945615982256,0.5405105438401774,0.0,0.0,0.0,8.15256112279426
awesome seeing the show friday at the shoreline amphitheatre never seen nin before can t wait,1,awesome seeing show friday shoreline amphitheatre never seen nin wait,0.313,0.0,0.313,0.0,0.3052164261931188,0.6947835738068813,0.0,0.0,0.0,0.0,5.964181548449541
arhh it s weka bug and i spent almost two hours to find that out crappy me,0,arhh weka bug spent almost two hour find crappy,0.0,0.31,0.0,0.31,0.0,0.0,0.0,0.38,0.62,0.0,4.056209774990342
hey bud np i do so love my d although i d love a d mkii more,1,hey bud np love although love mkii,0.73,0.0,0.73,0.0,0.0,0.3795782463928969,0.6204217536071032,0.0,0.0,0.0,8.091776892478826
just got us a d for the office d,1,got u office,0.0,0.0,0.0,0.0,0.0,0.0,0.0,0.0,0.0,0.0,4.999999999999996
just picked up my new canon d it s beautiful prepare for some seriously awesome photography,1,picked new canon beautiful prepare seriously awesome photography,0.544,0.116,0.544,0.116,0.0,0.7924528301886792,0.20754716981132082,0.768,0.232,0.0,6.555936922311432
just got my new toy canon d love love love it,1,got new toy canon love love love,0.759,0.0,0.759,0.0,0.0,0.3152053274139845,0.6847946725860156,0.0,0.0,0.0,8.072056269125332
learning about lambda calculus,1,learning lambda calculus,0.0,0.0,0.0,0.0,0.0,0.0,0.0,0.0,0.0,0.0,4.999999999999996
i m moving to east palo alto,1,moving east palo alto,0.0,0.0,0.0,0.0,0.0,0.0,0.0,0.0,0.0,0.0,4.999999999999996
atebits i just finished watching your stanford iphone class session i really appreciate it you rock,1,atebits finished watching stanford iphone class session really appreciate rock,0.25,0.0,0.25,0.0,0.44506104328523866,0.5549389567147613,0.0,0.0,0.0,0.0,5.595238095238096
hi just saw your stanford talk and really liked your advice just saying hi from singapore yes the videos do get around,1,hi saw stanford talk really liked advice saying hi singapore yes video get around,0.326,0.0,0.326,0.0,0.27635960044395114,0.7236403995560489,0.0,0.0,0.0,0.0,6.056307372965799
lakers tonight let s go,1,lakers tonight let go,0.0,0.0,0.0,0.0,0.0,0.0,0.0,0.0,0.0,0.0,4.999999999999996
will the lakers kick the nuggets ass tonight,1,lakers kick nugget as tonight,0.0,0.0,0.0,0.0,0.0,0.0,0.0,0.0,0.0,0.0,4.999999999999996
oooooooh north korea is in troubleeeee,0,oh north korea trouble,0.0,0.474,0.0,0.474,0.0,0.0,0.0,0.052000000000000046,0.948,0.0,2.2091380054961327
wat the heck is north korea doing they just conducted powerful nuclear tests follow the link,0,wat heck north korea conducted powerful nuclear test follow link,0.237,0.0,0.237,0.0,0.47391786903440625,0.5260821309655938,0.0,0.0,0.0,0.0,5.532797101412331
listening to obama friggin north korea,0,listening obama friggin north korea,0.0,0.0,0.0,0.0,0.0,0.0,0.0,0.0,0.0,0.0,4.999999999999996
i just realized we three monkeys in the white obama biden pelosi sarah palin,0,realized three monkey white obama biden pelosi sarah palin,0.0,0.0,0.0,0.0,0.0,0.0,0.0,0.0,0.0,0.0,4.999999999999996
pelosi should stay in china and never come back,0,pelosi stay china never come back,0.0,0.0,0.0,0.0,0.0,0.0,0.0,0.0,0.0,0.0,4.999999999999996
nancy pelosi gave the worst commencement speech i ve ever heard yes i m still bitter about this,0,nancy pelosi gave worst commencement speech ever heard yes still bitter,0.153,0.392,0.153,0.392,0.660377358490566,0.33962264150943394,0.0,0.21599999999999997,0.784,0.0,3.9555389852205325
ugh the amount of times these stupid insects have bitten me grr,0,ugh amount time stupid insect bitten grr,0.0,0.554,0.0,0.554,0.0,0.0,0.0,0.0,0.8919999999999999,0.1080000000000001,1.6842151546569613
prettiest insects ever pink katydids,1,prettiest insect ever pink katydid,0.481,0.0,0.481,0.0,0.0,0.9322974472807992,0.06770255271920082,0.0,0.0,0.0,7.925321760755726
just got barraged by a horde of insects hungry for my kitchen light so scary,0,got barraged horde insect hungry kitchen light scary,0.0,0.314,0.0,0.314,0.0,0.0,0.0,0.372,0.628,0.0,4.028950769129608
just had mcdonalds for dinner d it was goooood big mac meal,1,mcdonalds dinner god big mac meal,0.296,0.0,0.296,0.0,0.3429522752497226,0.6570477247502774,0.0,0.0,0.0,0.0,5.8526821155311675
ahh yes lol ima tell my hubby to go get me sum mcdonalds,1,ahh yes lol ima tell hubby go get sum mcdonalds,0.407,0.0,0.407,0.0,0.09655937846836857,0.9034406215316314,0.0,0.0,0.0,0.0,6.8050321723892155
stopped to have lunch at mcdonalds chicken nuggetssss yummmmmy,1,stopped lunch mcdonalds chicken nugget yumy,0.0,0.275,0.0,0.275,0.0,0.0,0.0,0.44999999999999996,0.55,0.0,4.272336052413507
could go for a lot of mcdonalds i mean a lot,1,could go lot mcdonalds mean lot,0.0,0.0,0.0,0.0,0.0,0.0,0.0,0.0,0.0,0.0,4.999999999999996
my exam went good your prayers worked,1,exam went good prayer worked,0.42,0.0,0.42,0.0,0.06770255271920095,0.9322974472807991,0.0,0.0,0.0,0.0,6.96242186772913
only one exam left and i am so happy for it d,1,one exam left happy,0.552,0.0,0.552,0.0,0.0,0.7746947835738068,0.2253052164261932,0.0,0.0,0.0,8.31700147093082
math review im going to fail the exam,0,math review im going fail exam,0.0,0.412,0.0,0.412,0.0,0.0,0.0,0.17600000000000005,0.824,0.0,3.135977338954205
colin powell rocked yesterday on cbs cheney needs to shut the hell up and go home powell is a man of honor and served our country proudly,0,colin powell rocked yesterday cbs cheney need shut hell go home powell man honor served country proudly,0.268,0.181,0.268,0.181,0.40510543840177576,0.5948945615982242,0.0,0.638,0.362,0.0,5.327415458524226
obviously not siding with cheney here,0,obviously siding cheney,0.0,0.0,0.0,0.0,0.0,0.0,0.0,0.0,0.0,0.0,4.999999999999996
absolutely hilarious from,1,absolutely hilarious,0.75,0.0,0.75,0.0,0.0,0.3351831298557159,0.664816870144284,0.0,0.0,0.0,8.055551473326545
i never did thank you for including me in your top twitter authors you rock amp i new wave d,1,never thank including top twitter author rock amp new wave,0.0,0.316,0.0,0.316,0.0,0.0,0.0,0.368,0.632,0.0,4.0151082307136905
rt awesome jquery reference book for coda webdesign,1,rt awesome jquery reference book coda webdesign,0.406,0.0,0.406,0.0,0.09877913429522749,0.9012208657047726,0.0,0.0,0.0,0.0,6.793455563793313
i ve been sending e mails like crazy today to my contacts does anyone have a contact at goodby silverstein i d love to speak to them,1,sending mail like crazy today contact anyone contact goodby silverstein love speak,0.37,0.133,0.37,0.133,0.1786903440621532,0.8213096559378468,0.0,0.734,0.266,0.0,6.128953089987406
goodby silverstein s new site i enjoy it,1,goodby silverstein new site enjoy,0.444,0.0,0.444,0.0,0.014428412874583808,0.9855715871254161,0.0,0.0,0.0,0.0,7.291187767012516
wow everyone at the google i o conference got free g s with a month of unlimited service,1,wow everyone google conference got free month unlimited service,0.504,0.0,0.504,0.0,0.0,0.8812430632630411,0.11875693673695892,0.0,0.0,0.0,8.333224173113113
dood i got a free google android phone at the i o conference the g,1,dood got free google android phone conference,0.355,0.0,0.355,0.0,0.2119866814650389,0.7880133185349611,0.0,0.0,0.0,0.0,6.286170076814701
the g is amazing btw a huge improvement over the g,1,amazing btw huge improvement,0.901,0.0,0.901,0.0,0.0,0.0,0.0,0.0,0.0,0.0,8.278789012419832
html demos lots of great stuff to come yes i m excited io googleio,1,html demo lot great stuff come yes excited io googleio,0.568,0.0,0.568,0.0,0.0,0.7391786903440623,0.2608213096559377,0.0,0.0,0.0,8.306193807853957
yay happy place place place i love google,1,yay happy place place place love google,0.739,0.0,0.739,0.0,0.0,0.3596004439511654,0.6403995560488346,0.0,0.0,0.0,8.075679361361372
googleio o d bringing d graphics to the browser very nice tbh funfun,1,googleio bringing graphic browser nice tbh funfun,0.318,0.0,0.318,0.0,0.29411764705882354,0.7058823529411765,0.0,0.0,0.0,0.0,5.998878695890802
awesome viral marketing for funny people,1,awesome viral marketing funny people,0.7,0.0,0.7,0.0,0.0,0.4461709211986683,0.5538290788013317,0.0,0.0,0.0,8.142853393870734
saw night at the museum out of sheer desperation who is funding these movies,0,saw night museum sheer desperation funding movie,0.0,0.333,0.0,0.333,0.0,0.0,0.0,0.33399999999999996,0.666,0.0,3.891426006469454
night at the museum pretty furkin good,1,night museum pretty furkin good,0.67,0.0,0.67,0.0,0.0,0.5127635960044394,0.48723640399556056,0.0,0.0,0.0,8.189548625127447
watching night at the museum giggling,1,watching night museum giggling,0.455,0.0,0.455,0.0,0.0,0.9900110987791343,0.009988901220865713,0.0,0.0,0.0,7.461427028331006
back from seeing star trek and night at the museum star trek was amazing but night at the museum was eh,0,back seeing star trek night museum star trek amazing night museum eh,0.257,0.0,0.257,0.0,0.4295227524972253,0.5704772475027747,0.0,0.0,0.0,0.0,5.630631955964938
just watched night at the museum so stinkin cute,1,watched night museum stinkin cute,0.429,0.0,0.429,0.0,0.04772475027746952,0.9522752497225305,0.0,0.0,0.0,0.0,7.0794661142151645
so night at the museum was awesome much better than part next weekend we ll see up,1,night museum awesome much better part next weekend see,0.5,0.0,0.5,0.0,0.0,0.8901220865704773,0.10987791342952273,0.0,0.0,0.0,8.32749708124948
saw the new night at the museum and i loved it next is to go see up in d,1,saw new night museum loved next go see,0.358,0.0,0.358,0.0,0.20532741398446178,0.7946725860155383,0.0,0.0,0.0,0.0,6.312077506586378
it is a shame about gm what if they are forced to make only cars the white house thinks will sell what do you think,0,shame gm forced make car white house think sell think,0.0,0.433,0.0,0.433,0.0,0.0,0.0,0.134,0.866,0.0,2.8662014563385196
as u may have noticed not too happy about the gm situation nor aig lehman et al,0,may noticed happy gm situation aig lehman et al,0.316,0.0,0.316,0.0,0.2985571587125416,0.7014428412874584,0.0,0.0,0.0,0.0,5.9848917692863095
gm good riddance sad though,0,gm good riddance sad though,0.322,0.344,0.322,0.344,0.28523862375138737,0.7147613762486127,0.0,0.31200000000000006,0.688,0.0,4.93789622770135
i will never buy a government motors vehicle until just recently i drove gm cars since when i bought a,0,never buy government motor vehicle recently drove gm car since bought,0.0,0.0,0.0,0.0,0.0,0.0,0.0,0.0,0.0,0.0,4.999999999999996
having the old coca cola guy on the gm board is stupid has heck tcot ala,0,old coca cola guy gm board stupid heck tcot ala,0.0,0.274,0.0,0.274,0.0,0.0,0.0,0.45199999999999996,0.548,0.0,4.277962898029228
rantsandraves the worst thing about gm concord pleasant hill martinez is the fucking uaw,0,rantsandraves worst thing gm concord pleasant hill martinez fucking uaw,0.214,0.266,0.214,0.266,0.5249722530521643,0.4750277469478357,0.0,0.46799999999999997,0.532,0.0,4.800583677612603
give a man a fish u feed him for the day teach him to fish u feed him for life buy him gm and u f k him over for good,0,give man fish feed day teach fish feed life buy gm good,0.209,0.0,0.209,0.0,0.5360710321864596,0.4639289678135405,0.0,0.0,0.0,0.0,5.411936205723728
the more i hear about this gm thing the more angry i get billions wasted more bullshit all for something like k employees and all the,0,hear gm thing angry get billion wasted bullshit something like employee,0.126,0.52,0.126,0.52,0.7203107658157603,0.27968923418423974,0.0,0.0,0.96,0.040000000000000036,3.54216545656497
i own a gm car and it is junk as far as quality compared to a honda,0,gm car junk far quality compared honda,0.0,0.0,0.0,0.0,0.0,0.0,0.0,0.0,0.0,0.0,4.999999999999996
sad day bankrupt gm,0,sad day bankrupt gm,0.0,0.77,0.0,0.77,0.0,0.0,0.0,0.0,0.45999999999999996,0.54,1.9082231075212321
is upset about the whole gm thing life as i know it is so screwed up,0,upset whole gm thing life know screwed,0.0,0.537,0.0,0.537,0.0,0.0,0.0,0.0,0.9259999999999999,0.07400000000000007,1.6751678439385498
whoever is running time warner needs to be repeatedly raped by a rhino so they understand the consequences of putting out shitty cable svcs,0,whoever running time warner need repeatedly raped rhino understand consequence putting shitty cable svcs,0.0,0.406,0.0,0.406,0.0,0.0,0.0,0.18799999999999994,0.812,0.0,3.206544436206716
wftb joining a bit late my connection was down boo time warner,0,wftb joining bit late connection boo time warner,0.0,0.0,0.0,0.0,0.0,0.0,0.0,0.0,0.0,0.0,4.999999999999996
cox or time warner cox is cheaper and gets a b on dslreports tw is more expensive and gets a c,0,cox time warner cox cheaper get dslreports tw expensive get,0.0,0.0,0.0,0.0,0.0,0.0,0.0,0.0,0.0,0.0,4.999999999999996
i am furious with time warner and their phone promotions,0,furious time warner phone promotion,0.0,0.481,0.0,0.481,0.0,0.0,0.0,0.038000000000000034,0.962,0.0,2.074678239244289
just got home from chick fil a with the boys damn my internets down stupid time warner,0,got home chick fil boy damn internet stupid time warner,0.0,0.433,0.0,0.433,0.0,0.0,0.0,0.134,0.866,0.0,2.8662014563385196
could time warner cable suck more no,0,could time warner cable suck,0.0,0.42,0.0,0.42,0.0,0.0,0.0,0.16000000000000003,0.84,0.0,3.0375781322709248
pissed at time warner for causin me to have slow internet problems,0,pissed time warner causin slow internet problem,0.0,0.58,0.0,0.58,0.0,0.0,0.0,0.0,0.8400000000000001,0.15999999999999992,1.7034516657957048
ummm having some time warner problems,0,um time warner problem,0.0,0.474,0.0,0.474,0.0,0.0,0.0,0.052000000000000046,0.948,0.0,2.2091380054961327
you guys see this why does time warner have to suck so much ass really wish i could get u verse at my apartment,0,guy see time warner suck much as really wish could get verse apartment,0.177,0.172,0.177,0.172,0.607103218645949,0.39289678135405104,0.0,0.656,0.344,0.0,5.014455213821414
rt the upside to time warner unhelpful phone operators superslow on site service crap that s not an upside,0,rt upside time warner unhelpful phone operator superslow site service crap upside,0.0,0.191,0.0,0.191,0.0,0.0,0.0,0.618,0.382,0.0,4.656585406634259
rt new time warner slogan time warner where we make you long for the days before cable,0,rt new time warner slogan time warner make long day cable,0.0,0.0,0.0,0.0,0.0,0.0,0.0,0.0,0.0,0.0,4.999999999999996
confirmed it s time warner s fault not facebook s that fb is taking about minutes to load so tempted to switch to verizon,0,confirmed time warner fault facebook fb taking minute load tempted switch verizon,0.0,0.197,0.0,0.197,0.0,0.0,0.0,0.606,0.394,0.0,4.634509680371988
time warner epic fail,0,time warner epic fail,0.0,0.538,0.0,0.538,0.0,0.0,0.0,0.0,0.9239999999999999,0.07600000000000007,1.6756167332935235
i know how sad is that rt st day of hurricane season that s less scarey than govt taking over gm,0,know sad rt st day hurricane season less scarey govt taking gm,0.0,0.355,0.0,0.355,0.0,0.0,0.0,0.29000000000000004,0.71,0.0,3.713829923185343
gm files bankruptcy not a good sign,0,gm file bankruptcy good sign,0.42,0.0,0.42,0.0,0.06770255271920095,0.9322974472807991,0.0,0.0,0.0,0.0,6.96242186772913
yankees won mets lost its a good day,1,yankee mets lost good day,0.354,0.28,0.354,0.28,0.21420643729189795,0.7857935627081021,0.0,0.43999999999999995,0.56,0.0,5.233234704036891
my dentist appt today was actually quite enjoyable,1,dentist appt today actually quite enjoyable,0.39,0.0,0.39,0.0,0.13429522752497225,0.8657047724750278,0.0,0.0,0.0,0.0,6.61761965158554
i hate the effing dentist,0,hate effing dentist,0.0,0.649,0.0,0.649,0.0,0.0,0.0,0.0,0.702,0.29800000000000004,1.7806969145511649
i hate going to the dentist,0,hate going dentist,0.0,0.649,0.0,0.649,0.0,0.0,0.0,0.0,0.702,0.29800000000000004,1.7806969145511649
i hate the dentist who invented them anyways,0,hate dentist invented anyways,0.0,0.552,0.0,0.552,0.0,0.0,0.0,0.0,0.8959999999999999,0.10400000000000009,1.682998529069184
this dentist s office is cold,0,dentist office cold,0.0,0.0,0.0,0.0,0.0,0.0,0.0,0.0,0.0,0.0,4.999999999999996
just applied at safeway yeeeee,1,applied safeway ye,0.0,0.0,0.0,0.0,0.0,0.0,0.0,0.0,0.0,0.0,4.999999999999996
safeway place is a nightmare right now bumming,0,safeway place nightmare right bumming,0.0,0.0,0.0,0.0,0.0,0.0,0.0,0.0,0.0,0.0,4.999999999999996
hate safeway select green tea icecream bought two cartons what a waste of money gt _ lt,0,hate safeway select green tea icecream bought two carton waste money gt lt,0.113,0.349,0.113,0.349,0.7491675915649278,0.25083240843507215,0.0,0.30200000000000005,0.698,0.0,3.9557352372021057
nike rocks i m super grateful for what i ve done with them amp the european division of nike is beyond,1,nike rock super grateful done amp european division nike beyond,0.463,0.0,0.463,0.0,0.0,0.9722530521642619,0.027746947835738094,0.0,0.0,0.0,7.594261906445775
have you tried nike v addictive,1,tried nike addictive,0.0,0.0,0.0,0.0,0.0,0.0,0.0,0.0,0.0,0.0,4.999999999999996
the nike training club beta iphone app looks very interesting,1,nike training club beta iphone app look interesting,0.278,0.0,0.278,0.0,0.38290788013318533,0.6170921198668147,0.0,0.0,0.0,0.0,5.744716997552238
argghhhh why won t my jquery appear in safari bad safari,0,arggh jquery appear safari bad safari,0.0,0.412,0.0,0.412,0.0,0.0,0.0,0.17600000000000005,0.824,0.0,3.135977338954205
i m ready to drop the pretenses i am forever in love with jquery and i want to marry it sorry ladies this nerd is jquery spokenfor js,1,ready drop pretense forever love jquery want marry sorry lady nerd jquery spokenfor j,0.388,0.272,0.388,0.272,0.13873473917869034,0.8612652608213096,0.0,0.45599999999999996,0.544,0.0,5.35256046799695
super investors a great weekend read here from warren buffet oldie but a goodie,1,super investor great weekend read warren buffet oldie goodie,0.533,0.0,0.533,0.0,0.0,0.8168701442841287,0.1831298557158713,0.0,0.0,0.0,8.326519479001343
reading michael palin book the python years great book i also recommend warren buffet amp nelson mandela s bio,1,reading michael palin book python year great book also recommend warren buffet amp nelson mandela bio,0.32,0.0,0.32,0.0,0.28967813540510545,0.7103218645948945,0.0,0.0,0.0,0.0,6.013011833971025
i mean i m down with notre dame if i have to it s a good school i d be closer to dan i d enjoy it,1,mean notre dame good school closer dan enjoy,0.504,0.0,0.504,0.0,0.0,0.8812430632630411,0.11875693673695892,0.0,0.0,0.0,8.333224173113113
i can t watch tv without a tivo and after all these years the time warner dvr still sucks,0,watch tv without tivo year time warner dvr still suck,0.0,0.244,0.0,0.244,0.0,0.0,0.0,0.512,0.488,0.0,4.434101866306423
i d say some sports writers are idiots for saying roger federer is one of the best ever in tennis roger federer is the best ever in tennis,1,say sport writer idiot saying roger federer one best ever tennis roger federer best ever tennis,0.34,0.134,0.34,0.134,0.2452830188679245,0.7547169811320755,0.0,0.732,0.268,0.0,5.907720123050127
i still love my kindle but reading the new york times on it does not feel natural i miss the bloomingdale ads,0,still love kindle reading new york time feel natural miss bloomingdale ad,0.387,0.092,0.387,0.092,0.14095449500554938,0.8590455049944506,0.0,0.8160000000000001,0.184,0.0,6.438319690619644
i love my kindle no more stacks of books to trip over on the way to the loo,1,love kindle stack book trip way loo,0.412,0.0,0.412,0.0,0.08546059933407332,0.9145394006659266,0.0,0.0,0.0,0.0,6.864022661045781
although today s keynote rocked for every great announcement at amp t shit on us just a little bit more,0,although today keynote rocked every great announcement amp shit u little bit,0.246,0.216,0.246,0.216,0.45394006659267483,0.5460599334073252,0.0,0.5680000000000001,0.432,0.0,5.109575741983364
its not so much my obsession with cell phones but the iphone i m a slave to at amp t forever because of it,0,much obsession cell phone iphone slave amp forever,0.0,0.255,0.0,0.255,0.0,0.0,0.0,0.49,0.51,0.0,4.379610095781083
fuzzball is more fun than at amp t p,0,fuzzball fun amp,0.623,0.0,0.623,0.0,0.0,0.6170921198668147,0.38290788013318533,0.0,0.0,0.0,8.252382834019507
today is a good day to dislike at amp t vote out of office indeed,0,today good day dislike amp vote office indeed,0.252,0.226,0.252,0.226,0.44062153163152057,0.5593784683684795,0.0,0.548,0.452,0.0,5.0969576722476395
got my wave sandbox invite extra excited too bad i have class now but i ll play with it soon enough io wave,1,got wave sandbox invite extra excited bad class play soon enough io wave,0.339,0.185,0.339,0.185,0.24750277469478354,0.7524972253052165,0.0,0.63,0.37,0.0,5.647403303936944
looks like summize has gone down too many tweets from wwdc perhaps,0,look like summize gone many tweet wwdc perhaps,0.263,0.0,0.263,0.0,0.416204217536071,0.5837957824639289,0.0,0.0,0.0,0.0,5.661993160585684
thanks so much from one of your very happy kindle winners i was so surprised fabulous thank you best kathleen,1,thanks much one happy kindle winner surprised fabulous thank best kathleen,0.848,0.0,0.848,0.0,0.0,0.11764705882352951,0.8823529411764705,0.0,0.0,0.0,8.215211174226043
man i kinda dislike apple right now case in point the iphone gs wish there was a video recorder app please,0,man kinda dislike apple right case point iphone g wish video recorder app please,0.289,0.133,0.289,0.133,0.35849056603773594,0.6415094339622641,0.0,0.734,0.266,0.0,5.590885050181764
i have a kindle amp sony prs like it physical device feels good font is nice pg turns are snappy enuf ui a little klunky,1,kindle amp sony pr like physical device feel good font nice pg turn snappy enuf ui little klunky,0.353,0.0,0.353,0.0,0.216426193118757,0.783573806881243,0.0,0.0,0.0,0.0,6.26913482082821
the kindle seems the best ereader but will it work in the uk and where can i get one,1,kindle seems best ereader work uk get one,0.375,0.0,0.375,0.0,0.16759156492785796,0.832408435072142,0.0,0.0,0.0,0.0,6.4673911628321115
i have a google addiction thank you for pointing that out hahaha,1,google addiction thank pointing hahaha,0.67,0.0,0.67,0.0,0.0,0.5127635960044394,0.48723640399556056,0.0,0.0,0.0,8.189548625127447
dearest you rich bastards the visa card you sent me doesn t work why screw a little guy like me,0,dearest rich bastard visa card sent work screw little guy like,0.464,0.241,0.464,0.241,0.0,0.9700332963374029,0.02996670366259714,0.518,0.482,0.0,5.624500344669758
excited about seeing bobby flay and guy fieri tomorrow at the great american food amp music fest,1,excited seeing bobby flay guy fieri tomorrow great american food amp music fest,0.371,0.0,0.371,0.0,0.17647058823529416,0.8235294117647058,0.0,0.0,0.0,0.0,6.429491004550582
gonna go see bobby flay moro at shoreline eat and drink gonna be good,1,gon na go see bobby flay moro shoreline eat drink gon na good,0.195,0.0,0.195,0.0,0.5671476137624861,0.4328523862375139,0.0,0.0,0.0,0.0,5.358047889465313
can t wait for the great american food and music festival at shoreline tomorrow mmm katz pastrami and bobby flay yes please,1,wait great american food music festival shoreline tomorrow katz pastrami bobby flay yes please,0.552,0.0,0.552,0.0,0.0,0.7746947835738068,0.2253052164261932,0.0,0.0,0.0,8.31700147093082
my dad was in ny for a day we ate at mesa grill last night and met bobby flay so much fun except i completely lost my voice today,1,dad ny day ate mesa grill last night met bobby flay much fun except completely lost voice today,0.151,0.118,0.151,0.118,0.664816870144284,0.33518312985571586,0.0,0.764,0.236,0.0,5.078158224694735
fighting with latex again,0,fighting latex,0.0,0.714,0.0,0.714,0.0,0.0,0.0,0.0,0.5720000000000001,0.42799999999999994,1.8804706801912354
we love you too and don t want you to die latex the devil,0,love want die latex devil,0.372,0.561,0.372,0.561,0.17425083240843509,0.8257491675915649,0.0,0.0,0.8779999999999999,0.12200000000000011,4.845063247853433
hours hours of inkscape crashing normally solid as a rock hours of latex complaining at the slightest thing i can t take any more,0,hour hour inkscape crashing normally solid rock hour latex complaining slightest thing take,0.111,0.125,0.111,0.125,0.753607103218646,0.24639289678135404,0.0,0.75,0.25,0.0,4.970669436468222
shit s hitting the fan in iran craziness indeed iranelection,0,shit hitting fan iran craziness indeed iranelection,0.184,0.496,0.184,0.496,0.5915649278579357,0.40843507214206437,0.0,0.008000000000000007,0.992,0.0,4.015347056751777
monday already iran may implode kitchen is a disaster seems happy had a nice weekend and is great whoop,0,monday already iran may implode kitchen disaster seems happy nice weekend great whoop,0.447,0.173,0.447,0.173,0.007769145394006666,0.9922308546059934,0.0,0.654,0.346,0.0,6.02188422432015
getting ready to test out some burger receipes this weekend bobby flay has some great receipes to try thanks bobby,1,getting ready test burger receipes weekend bobby flay great receipes try thanks bobby,0.487,0.0,0.487,0.0,0.0,0.9189789123196449,0.08102108768035511,0.0,0.0,0.0,8.046976675040215
i lam so in love with bobby flay he is my favorite rt you need a place in phoenix we have great peppers here,1,lam love bobby flay favorite rt need place phoenix great pepper,0.585,0.0,0.585,0.0,0.0,0.7014428412874585,0.2985571587125415,0.0,0.0,0.0,8.292161845238013
i just created my first latex file from scratch that didn t work out very well see it s a great time waster,0,created first latex file scratch work well see great time waster,0.506,0.0,0.506,0.0,0.0,0.876803551609323,0.123196448390677,0.0,0.0,0.0,8.333092838933103
using linux and loving it so much nicer than windows looking forward to using the wysiwyg latex editor,1,using linux loving much nicer window looking forward using wysiwyg latex editor,0.405,0.0,0.405,0.0,0.10099889012208653,0.8990011098779135,0.0,0.0,0.0,0.0,6.781951184677645
after using latex a lot any other typeset mathematics just looks hideous,1,using latex lot typeset mathematics look hideous,0.0,0.0,0.0,0.0,0.0,0.0,0.0,0.0,0.0,0.0,4.999999999999996
on that note i hate word i hate pages i hate latex there i said it i hate latex all you texn rds can come kill me now,0,note hate word hate page hate latex said hate latex texn rds come kill,0.0,0.684,0.0,0.684,0.0,0.0,0.0,0.0,0.6319999999999999,0.3680000000000001,1.8316605920346363
ahhh back in a real text editing environment i lt latex,1,ah back real text editing environment lt latex,0.0,0.0,0.0,0.0,0.0,0.0,0.0,0.0,0.0,0.0,4.999999999999996
trouble in iran i see hmm iran iran so far away flockofseagullsweregeopoliticallycorrect,0,trouble iran see hmm iran iran far away flockofseagullsweregeopoliticallycorrect,0.0,0.252,0.0,0.252,0.0,0.0,0.0,0.496,0.504,0.0,4.394777971828882
reading the tweets coming out of iran the whole thing is terrifying and incredibly sad,0,reading tweet coming iran whole thing terrifying incredibly sad,0.0,0.503,0.0,0.503,0.0,0.0,0.0,0.0,0.994,0.006000000000000005,1.6667296488809318
